Domain,Strength
Executing,Achiever
Executing,Arranger
Executing,Belief
Executing,Consistency
Executing,Deliberative
Executing,Discipline
Executing,Focus
Executing,Responsibility
Executing,Restorative
Influencing,Activator
Influencing,Command
Influencing,Communication
Influencing,Competition
Influencing,Maximizer
Influencing,Self-Assurance
Influencing,Significance
Influencing,Woo
Relationship Building,Adaptability
Relationship Building,Connectedness
Relationship Building,Developer
Relationship Building,Empathy
Relationship Building,Harmony
Relationship Building,Includer
Relationship Building,Individualization
Relationship Building,Positivity
Relationship Building,Relator
Strategic Thinking,Analytical
Strategic Thinking,Context
Strategic Thinking,Futuristic
Strategic Thinking,Ideation
Strategic Thinking,Input
Strategic Thinking,Intellection
Strategic Thinking,Learner
Strategic Thinking,Strategic
